station,lat
Reykjavik,64.1
Nuuk,64.2
Anchorage,61.2
Fairbanks,64.8
Helsinki,60.2
Oslo,59.9
Stockholm,59.3
St Petersburg,59.9
Bergen,60.4
Tampere,61.5
Turku,60.5
Gothenburg,57.7
Edinburgh,55.9
Copenhagen,55.7
Moscow,55.8
Riga,56.9
Vilnius,54.7
Tallinn,59.4
Minsk,53.9
Dublin,53.3
Manchester,53.5
Amsterdam,52.4
Rotterdam,51.9
Antwerp,51.2
Berlin,52.5
Hamburg,53.6
Warsaw,52.2
Gdansk,54.4
Poznan,52.4
Wroclaw,51.1
London,51.5
Brussels,50.8
Frankfurt,50.1
Stuttgart,48.8
Cologne,50.9
Dresden,51.1
Leipzig,51.3
Prague,50.1
Krakow,50.1
Paris,48.9
Lyon,45.8
Marseille,43.3
Vienna,48.2
Munich,48.1
Zurich,47.4
Geneva,46.2
Bern,46.9
Budapest,47.5
Bratislava,48.1
Ljubljana,46.1
Milan,45.5
Venice,45.4
Turin,45.1
Zagreb,45.8
Belgrade,44.8
Bucharest,44.4
Chisinau,47.0
Sofia,42.7
Kyiv,50.5
Odesa,46.5
Lviv,49.8
Toronto,43.7
Ottawa,45.4
Montreal,45.5
Quebec City,46.8
Halifax,44.6
St Johns,47.6
Vancouver,49.3
Calgary,51.0
Edmonton,53.5
Winnipeg,49.9
Chicago,41.9
New York,40.7
Boston,42.4
Philadelphia,39.9
Washington,38.9
Detroit,42.3
Cleveland,41.5
Pittsburgh,40.4
Baltimore,39.3
Columbus,40.0
Indianapolis,39.8
Milwaukee,43.0
Minneapolis,44.9
Omaha,41.3
Kansas City,39.1
St Louis,38.6
Denver,39.7
Salt Lake City,40.8
Reno,39.5
Boise,43.6
San Francisco,37.8
Los Angeles,34.1
San Diego,32.7
Las Vegas,36.2
Phoenix,33.4
Tucson,32.2
Albuquerque,35.1
Seattle,47.6
Portland,45.5
Nashville,36.2
Memphis,35.1
Charlotte,35.2
Raleigh,35.8
Atlanta,33.7
Dallas,32.8
Austin,30.3
San Antonio,29.4
Houston,29.8
Oklahoma City,35.5
New Orleans,30.0
Tampa,28.0
Orlando,28.5
Jacksonville,30.3
Miami,25.8
Honolulu,21.3
Madrid,40.4
Barcelona,41.4
Valencia,39.5
Seville,37.4
Bilbao,43.3
Porto,41.2
Lisbon,38.7
Rome,41.9
Naples,40.9
Athens,38.0
Thessaloniki,40.6
Valletta,35.9
Nicosia,35.2
Ankara,39.9
Tehran,35.7
Baghdad,33.3
Damascus,33.5
Beirut,33.9
Amman,31.9
Jerusalem,31.8
Kuwait City,29.4
Riyadh,24.6
Dubai,25.2
Doha,25.3
Baku,40.4
Yerevan,40.2
Tbilisi,41.7
Almaty,43.2
Tashkent,41.3
Bishkek,42.9
Dushanbe,38.6
Ashgabat,37.9
Ulaanbaatar,47.9
Novosibirsk,55.0
Yekaterinburg,56.8
Chelyabinsk,55.2
Kazan,55.8
Nizhny Novgorod,56.3
Samara,53.2
Rostov-on-Don,47.2
Volgograd,48.7
Irkutsk,52.3
Ulan-Ude,51.8
Vladivostok,43.1
Beijing,39.9
Shanghai,31.2
Guangzhou,23.1
Hong Kong,22.3
Taipei,25.0
Seoul,37.6
Busan,35.2
Pyongyang,39.0
Tokyo,35.7
Osaka,34.7
Kyoto,35.0
Nagoya,35.2
Sapporo,43.1
Fukuoka,33.6
Karachi,24.9
Islamabad,33.7
Lahore,31.5
Kabul,34.5
New Delhi,28.6
Mumbai,19.1
Kolkata,22.6
Chennai,13.1
Bengaluru,12.9
Colombo,6.9
Kathmandu,27.7
Thimphu,27.5
Dhaka,23.7
Yangon,16.9
Naypyidaw,19.7
Vientiane,17.9
Hanoi,21.0
Phnom Penh,11.6
Bangkok,13.8
Kuala Lumpur,3.1
Singapore,1.35
Jakarta,-6.2
Manila,14.6
Cairo,30.0
Tripoli,32.9
Tunis,36.8
Algiers,36.8
Rabat,34.0
Casablanca,33.6
Nouakchott,18.1
Bamako,12.6
Dakar,14.7
Freetown,8.5
Accra,5.6
Abidjan,5.3
Lagos,6.5
Abuja,9.1
Yaounde,3.9
Khartoum,15.6
Addis Ababa,9.0
Djibouti,11.6
Asmara,15.3
Mogadishu,2.0
Nairobi,-1.3
Kampala,0.3
Kigali,-1.9
Dar es Salaam,-6.8
Kinshasa,-4.3
Luanda,-8.8
Lubumbashi,-11.7
Lusaka,-15.4
Harare,-17.8
Antananarivo,-18.9
Maputo,-25.9
Windhoek,-22.6
Gaborone,-24.7
Pretoria,-25.7
Johannesburg,-26.2
Bloemfontein,-29.1
Durban,-29.9
Cape Town,-33.9
Port Elizabeth,-33.9
Mexico City,19.4
Guatemala City,14.6
San Salvador,13.7
Tegucigalpa,14.1
Managua,12.1
San Jose,9.9
Panama City,9.0
Havana,23.1
Bogota,4.7
Medellin,6.2
Cali,3.4
Caracas,10.5
Georgetown,6.8
Paramaribo,5.9
Quito,-0.2
Guayaquil,-2.2
Lima,-12.0
Cusco,-13.5
La Paz,-16.5
Brasilia,-15.8
Manaus,-3.1
Belem,-1.5
Fortaleza,-3.7
Recife,-8.1
Salvador,-12.9
Rio de Janeiro,-22.9
Sao Paulo,-23.5
Curitiba,-25.4
Porto Alegre,-30.0
Asuncion,-25.3
Montevideo,-34.9
Buenos Aires,-34.6
Cordoba,-31.4
Rosario,-33.0
Santiago,-33.4
Punta Arenas,-53.2
Ushuaia,-54.8
Sydney,-33.9
Melbourne,-37.8
Brisbane,-27.5
Perth,-31.9
Adelaide,-34.9
Hobart,-42.9
Auckland,-36.8
Wellington,-41.3
Christchurch,-43.5
Dunedin,-45.9
Suva,-18.1
Port Moresby,-9.4
Noumea,-22.3
Papeete,-17.5
McMurdo Station,-77.8
